characters,0
flora_(twokinds),1036
natani,796
keith_keiser,796
kathrin_vaughan,731
trace_legacy,719
raine_silverlock,504
laura_(twokinds),413
sythe_(twokinds),342
mrs._nibbly,320
mike_(twokinds),308
zen_(twokinds),305
lady_nora_(twokinds),292
madelyn_adelaide,277
madam_reni_(twokinds),262
maren_taverndatter,261
roselyn_(twokinds),233
maeve_riftwall,212
karen_taverndatter,210
evals,189
database_error_(twokinds),164
adira_riftwall,161
clovis_(twokinds),154
eric_vaughan,142
willow_wisp,128
king_adelaide,110
keiren_(twokinds),108
alice_reed,95
tiger_trace,78
saria_legacy,76
windstraw_kidwell,57
brutus_(twokinds),55
amelia_(twokinds),53
lynn_(twokinds),52
nickolai_alaric,49
euchre,48
sarah_(twokinds),45
prince_sorrel,44
therie_sah-van,39
daniels_(twokinds),38
hazel_(twokinds),36
mary_silverlock,32
roberto_(twokinds),32
stoneward,26
erilas_(twokinds),26
youngtani,26
sealeen_(twokinds),26
chimera_(twokinds),21
landen_(twokinds),21
female_snow_basitin,18
nameless_character,18
colin_(twokinds),18
samantha_potts,18
remus_(twokinds),17
female_explorer,17
background_character,17
guardian_(twokinds),16
wolfie_(twokinds),16
brin_(twokinds),16
carver_(twokinds),16
cathleen_keiser,16
vanity_(twokinds),16
victoria_(twokinds),16
cornelius_keiser,15
matriarch_dahlia,14
brahn,13
iris_(twokinds),13
magpie_(twokinds),13
merenda_(twokinds),13
captain_jenny_(twokinds),13
dj_dragon_(twokinds),13
detritus_(twokinds),12
romulus_(twokinds),12
cassidy_(twokinds),12
raccoon_girl_(tom_fischbach),11
mikes_reindeer_(twokinds),11
lilith_(twokinds),11
aerith_(twokinds),11
ivy_(twokinds),11
colleen_(twokinds),11
nayana_(twokinds),10
koan_(twokinds),10
tigress_noble_(twokinds),10
flora's_mom_(twokinds),9
the_wisp_mother_(twokinds),9
general_armstrong,8
kate_summers,7
flirty_basitin_(twokinds),6
warren_(twokinds),5
roan_(twokinds),5
saria_au_gruhen,5
maddies_father_(twokinds),5
general_alabaster,5
sivil,5
the_triplets_(twokinds),5
ephemeral_(twokinds),5
kaylia_(twokinds),5
albion_alabaster,5
captain_reis,5
ember_(bloodline),4
brahn's_daughter,4
krystal_(star_fox),4
dragongirl_wrinry,4
eris_(twokinds),4
nekonny_(fursona),3
roderick_vaughan,3
bob_(twokinds),3
west_basitin_guard,3
santa_claus,3
anonymous_character,3
tina_(caribbean_blue),3
unnamed_character,3
fidget_(elysian_tail),3
flora's_dad_(twokinds),3
aster_alabaster,3
fennel_(twokinds),3
sirius_(twokinds),3
fan_character,3
leia_organa,3
eternal_(twokinds),3
lofi_hip_hop_radio_girl,3
mercurial_(twokinds),3
vehra_(twokinds),2
mary_sanderson,2
winifred_sanderson,2
kronk,2
asuka_langley_soryu,2
kessah,2
kimi_(caribbean_blue),2
patrick_star,2
yzma,2
general_musclehead,2
loona_(helluva_boss),2
bob_ross,2
dave_(twokinds),2
tiggs,2
doodlebob,2
tharkis,2
natani_and_flora's_son,2
templar_knight,2
tala_(fluff-kevlar),2
nuka-girl_(fallout),2
king_arthur_(monty_python),2
bowser,2
spongebob_squarepants_(character),2
mihari,2
ayn_(fluff-kevlar),2
sephiroth_(final_fantasy_vii),2
michiru_kagemori,2
aurora_(twokinds),2
sarah_sanderson,2
protagonist_(subnautica),1
zechariah_ashman,1
yuki_(caribbean_blue),1
peter_(super_squirrel),1
princess_peach,1
prince_john,1
pooh_bear,1
west,1
pillar_men,1
puss_in_boots_(dreamworks),1
zoe_abrahm,1
paladin_enigma,1
pac-man,1
owen_coruscare,1
optimus_prime,1
nyna,1
zofie_(fluff-kevlar),1
nihil_solus,1
psylocke,1
titania_(chromatic_bard),1
vivian_(tom_fischbach),1
squirrel_girl_(marvel),1
sheriff_of_nottingham,1
nick_wilde,1
undyne,1
sir_hiss,1
sly_cooper,1
tyla_(jesonite),1
wildfire,1
starfire_(teen_titans),1
quinn_malachite,1
torque_(torqueempup),1
wiggle_fox,1
tea_(chaoskettle),1
terra_(terrathewizard),1
the_beheaded,1
tigger,1
tim_the_enchanter,1
shantae,1
scot_(thescottishdeer),1
sayaka_miki,1
sapphire_(hunterx90),1
yor_forger,1
xiu_(razorfox),1
rauru_(tears_of_the_kingdom),1
raven_(dc),1
wonder_woman,1
winry_rockbell,1
raz_(draconia_chronicles),1
red_(transistor),1
red_savarin,1
ren_amamiya,1
rimara_ravenwood,1
robin_hood,1
tiny_tina,1
rouge_the_bat,1
ruby_rose,1
sir_bedevere_(monty_python),1
kynum_(kynum),1
ni_(nahni),1
cerberus_(helltaker),1
clay_briarthorn,1
coffee_elemental,1
crewmate_(among_us),1
crimson_(lima9er),1
cupid,1
darren_bradley,1
daxter,1
dekrosna,1
djego_electrolf,1
dovahkiin,1
dr_rabbit_(tomtc),1
drago_(moondance),1
duck_hunt_dog,1
duke_nukem,1
dust_(elysian_tail),1
ebenezer_scrooge,1
edward_elric,1
elh_melizee,1
elora,1
elvira_(mistress_of_the_dark),1
elvis_presley,1
ephemural,1
eren_(tk421),1
cheshire_cat,1
catherine_(pintino),1
evelyn_(frienddeathclaw),1
cat_starfire,1
aerie,1
aindreas_mcallister,1
aisaka_taiga,1
alphonse_elric,1
alric_kyznetsov,1
alyx_vance,1
amaterasu_(okami),1
ambient_impostor_(among_us),1
anya_forger,1
apostrophe,1
april,1
ara_(fluff-kevlar),1
aura_(moomanibe),1
auri_(bethellium),1
benny_(fallout),1
black_knight_(monty_python),1
bluestreak,1
bruskit_(bruskit),1
bunny_raven,1
cam_hartley,1
camaris,1
captain_america,1
carmelita_fox,1
eros_wellstuck,1
ex,1
neutral_(twokinds),1
judy_hopps,1
kamina_(gurren_lagann),1
katie_(tom_fischbach),1
knell_(twokinds),1
korben_brandis,1
aelris_(actualaelris),1
link,1
little_red_riding_hood,1
lynxy_(enblynx),1
lyra_heartstrings_(mlp),1
madoka_kaname,1
maid_marian,1
malenia_(elden_ring),1
mark_ilmarinen,1
mary_ann_(roomies),1
merchant_(resident_evil),1
mifune_(mifune1337),1
mika_fadeneir,1
mike_dogford,1
minerva_mcgonagall,1
mrs._amp_(mramp),1
my_cabbages_(meme),1
nanachi,1
naoki_(kameloh),1
kaliancia,1
john_marston,1
fel_(my_life_with_fel),1
jaya_(zakurujay),1
felix_sparta,1
fionn_(madraruaglic),1
fix-it_felix,1
flonne,1
florence_ambrose,1
fox_mccloud,1
foxkeh,1
foxy_(fnaf),1
freddy_(fnaf),1
frieren,1
g-man,1
glados,1
gordon_freeman,1
gordon_ramsay,1
happy_mask_salesman,1
holo_(spice_and_wolf),1
homura_akemi,1
hornet_(hollow_knight),1
impostor_(among_us),1
iron_man,1
jacob_marley,1
jak_(jak_and_daxter),1
jay_savarsk,1
zuko,1
